{"cameraMode":{"drawMode":0,"name":"Shaded","section":"Shading Mode"},"sceneLighting":false,"audioPlay":false,"sceneViewState":{"showFog":true,"showMaterialUpdate":false,"showSkybox":false,"showFlares":true,"showImageEffects":true,"showParticleSystems":true},"in2DMode":false,"pivot":{"x":9.443943977355957,"y":-2.935886859893799,"z":-6.711269855499268},"rotation":{"x":0.04232339933514595,"y":0.9147722125053406,"z":-0.3892534673213959,"w":0.09945893287658692},"size":0.007141590118408203,"orthographic":false}