{"cameraMode":{"drawMode":0,"name":"Shaded","section":"Shading Mode"},"sceneLighting":true,"audioPlay":false,"sceneViewState":{"showFog":true,"showMaterialUpdate":false,"showSkybox":true,"showFlares":true,"showImageEffects":true,"showParticleSystems":true},"in2DMode":false,"pivot":{"x":4.864727020263672,"y":6.276233673095703,"z":5.578675746917725},"rotation":{"x":0.16790437698364259,"y":0.8023540377616882,"z":-0.2654465138912201,"w":0.5075175762176514},"size":8.752302169799805,"orthographic":false}