{"cameraMode":{"drawMode":0,"name":"Shaded","section":"Shading Mode"},"sceneLighting":false,"audioPlay":false,"sceneViewState":{"showFog":true,"showMaterialUpdate":false,"showSkybox":false,"showFlares":true,"showImageEffects":true,"showParticleSystems":true},"in2DMode":false,"pivot":{"x":9.390209197998047,"y":-2.918368101119995,"z":-6.897283554077148},"rotation":{"x":0.03178725764155388,"y":0.9682115316390991,"z":-0.1761854737997055,"w":0.17468500137329102},"size":1.2247449159622193,"orthographic":false}