{"cameraMode":{"drawMode":0,"name":"Shaded","section":"Shading Mode"},"sceneLighting":true,"audioPlay":false,"sceneViewState":{"showFog":true,"showMaterialUpdate":false,"showSkybox":true,"showFlares":true,"showImageEffects":true,"showParticleSystems":true},"in2DMode":false,"pivot":{"x":-5.37783670425415,"y":-21.542232513427736,"z":-17.04792594909668},"rotation":{"x":-0.02340707927942276,"y":0.9448586702346802,"z":-0.3192214071750641,"w":-0.06928735226392746},"size":23.26946258544922,"orthographic":false}