{"cameraMode":{"drawMode":0,"name":"Shaded","section":"Shading Mode"},"sceneLighting":true,"audioPlay":false,"sceneViewState":{"showFog":true,"showMaterialUpdate":false,"showSkybox":true,"showFlares":true,"showImageEffects":true,"showParticleSystems":true},"in2DMode":false,"pivot":{"x":0.8086817264556885,"y":-11.897120475769043,"z":0.25807952880859377},"rotation":{"x":0.00269257090985775,"y":0.9041785001754761,"z":-0.4271184504032135,"w":0.005696335341781378},"size":10.0,"orthographic":false}