{"cameraMode":{"drawMode":0,"name":"Shaded","section":"Shading Mode"},"sceneLighting":false,"audioPlay":false,"sceneViewState":{"showFog":true,"showMaterialUpdate":false,"showSkybox":false,"showFlares":true,"showImageEffects":true,"showParticleSystems":true},"in2DMode":false,"pivot":{"x":8.902450561523438,"y":-3.1565847396850588,"z":-7.242981910705566},"rotation":{"x":-0.02893894910812378,"y":0.9046095013618469,"z":0.06223656237125397,"w":0.42069074511528017},"size":0.6071416139602661,"orthographic":false}