{"cameraMode":{"drawMode":0,"name":"Shaded","section":"Shading Mode"},"sceneLighting":true,"audioPlay":false,"sceneViewState":{"showFog":true,"showMaterialUpdate":false,"showSkybox":true,"showFlares":true,"showImageEffects":true,"showParticleSystems":true},"in2DMode":false,"pivot":{"x":9.390209197998047,"y":-2.918368101119995,"z":-6.897283554077148},"rotation":{"x":0.16790437698364259,"y":0.8023540377616882,"z":-0.2654465138912201,"w":0.5075175762176514},"size":20.7493953704834,"orthographic":false}